train_size,train_mean,train_std,cv_mean,cv_std
75,1.0,0.0,0.38288414967580653,0.2635381733921524
246,1.0,0.0,0.5691586594797282,0.22876188398304367
416,1.0,0.0,0.5436020623388798,0.21622712911451578
586,1.0,0.0,0.444016092492774,0.137993580763691
757,1.0,0.0,0.6357745488633701,0.21386960279687206
