train_size,train_mean,train_std,cv_mean,cv_std
75,1.0,0,0.491666666666667,0.132995188010325
246,0.96,0.02,0.663958333333333,0.12201675398111
416,0.935,0.04,0.726229166666667,0.106072102897589
586,0.9171671388102,0.033,0.75666666666667,0.10614175882898
757,0.909780701754386,0.028,0.77525,0.10041966091702