model,accuracy_mean,accuracy_std,precision_macro_mean,precision_macro_std,recall_macro_mean,recall_macro_std,f1_macro_mean,f1_macro_std
RF,0.7439583333333334,0.15339389655393726,0.7537622065712899,0.12848385322752073,0.7564814814814815,0.1905847640753794,0.7253487838607802,0.17009479389599053
ET,0.7389583333333334,0.14711283934449773,0.7392029962596222,0.12676560641444753,0.7613425925925926,0.17835554263458525,0.7197909273932619,0.16992058152120554
GBDT,0.7183333333333335,0.11370038600540362,0.725760265828945,0.10702727429882784,0.744212962962963,0.15687546282565254,0.7016319844099643,0.13942249319387448
DT,0.6933333333333334,0.11203917965505539,0.6793834903321032,0.12021135579164931,0.7030092592592592,0.12235192332484783,0.6687149120367198,0.11337758837538182
Voting,0.7633333333333333,0.132874209519965,0.7545264780447237,0.13264706559660866,0.7775462962962962,0.16802494364600393,0.7432891653720809,0.1551358239514542
