model,accuracy_mean,accuracy_std,precision_macro_mean,precision_macro_std,recall_macro_mean,recall_macro_std,f1_macro_mean,f1_macro_std
RF,0.752,0.06844503066127030,0.770509259259259,0.07641343601106960,0.754103522389902,0.06440273336808770,0.741078823901446,0.07952262825492400
ET,0.740875,0.06923315077812560,0.76087962962963,0.07358417280209410,0.743711746707061,0.06542455890387140,0.732681002142667,0.07688347921856260
GBDT,0.721666666666667,0.07343742612289430,0.742768518518519,0.05521500561435400,0.712891163190661,0.061576636830584700,0.723290606788929,0.06343539691448420
DT,0.660333333333333,0.12214517773716800,0.674740740740741,0.13439209584361700,0.663748086015612,0.13345343744526700,0.653076713991062,0.13748349275379500
Voting,0.780666666666667,0.08094065041058720,0.790037037037037,0.07778948875678850,0.77126689168659,0.0726221634978221,0.7589450880340630,0.08426130464593740