model,accuracy_mean,accuracy_std,precision_macro_mean,precision_macro_std,recall_macro_mean,recall_macro_std,f1_macro_mean,f1_macro_std
RF,0.79,0.06844503066127025,0.7761035223899019,0.06440273336808772,0.7905092592592593,0.07641343601106963,0.7610788239014457,0.07952262825492404
ET,0.781875,0.06923315077812556,0.7667117467070607,0.06542455890387142,0.7858796296296295,0.07358417280209413,0.755681002142667,0.07688347921856264
GBDT,0.7766666666666666,0.07343742612289426,0.7728911631906608,0.061576636830584716,0.7747685185185185,0.05521500561435398,0.7492906067889288,0.06343539691448422
DT,0.7133333333333333,0.12214517773716833,0.6887480860156117,0.13345343744526683,0.7157407407407407,0.13439209584361744,0.6850767139910617,0.13748349275379518
Voting,0.7866666666666668,0.08094065041058719,0.77126689168659,0.0726221634978221,0.787037037037037,0.07778948875678848,0.7589450880340632,0.08426130464593735
